﻿<?xml version="1.0" ?>
<libreria>
        <libro>
              <titulo> Hábitos Atómicos</titulo>
              <autor> James Clear</autor>
              <editorial> Diana</editorial>
        </libro>
        
        <libro>
              <titulo> El monje que vendió su ferrari</titulo>
              <autor> Robin Sharma</autor>
              <editorial> Clave</editorial>
        </libro>
        
       <libro>
              <titulo> Los 7 Hábitos de la gente altamente efectiva</titulo>
              <autor> Stephen Covey</autor>
              <editorial> Booket</editorial>
        </libro>
        
        
          <libro categoria="Cocina">
              <titulo> Cocina para disfrutones</titulo>
              <autor> Martín Berasategui</autor>
              <editorial> Grijalbo</editorial>
        </libro>
        
        <libro categoria="Novela">
              <titulo> El ingenioso hidalgo, Don Quijote de la Mancha</titulo>
              <autor> Miguel de Cervantes Saavedra</autor>
              <editorial> Ediciones Carena</editorial>
        </libro>
        
       <libro categoria="Programación">
              <titulo> Clean Code</titulo>
              <autor> Robert Martín</autor>
              <editorial> Pearson</editorial>
        </libro>        
</libreria>